<?xml version="1.0" encoding="UTF-8"?>
<!DOCTYPE mapper PUBLIC "-//mybatis.org//DTD Mapper 3.0//EN" "http://mybatis.org/dtd/mybatis-3-mapper.dtd">
<mapper
	namespace="com.itwill.guest.dao.mybatis.mapper.GuestMapper">
	<select id="selectAll"
		resultType="com.itwill.guest.dao.mybatis.Guest">
		select * from guest
	</select>

	<select id="selectByNo" parameterType="int"
		resultType="com.itwill.guest.dao.mybatis.Guest">
		select *
		from guest where guest_no=#{guesNo}
	</select>
	<!-- 
	<insert id="insertGuest"
		parameterType="com.itwill.guest.dao.mybatis.Guest">
		insert into guest
		values(guest_no_seq.nextval,
		#{guestName},sysdate,
		#{guestEmail},#{guestHomepage},
		#{guestTitle},#{guestContent})
	</insert>
	 -->


	<update id="updateGuest"
		parameterType="com.itwill.guest.dao.mybatis.Guest">
		update guest set
		guest_name=#{guestName},
		guest_date=to_date(#{guestDate},'YYYY/MM/DD'),
		guest_email=#{guestEmail},
		guest_homepage=#{guestHomepage},
		guest_title=#{guestTitle},
		guest_content=#{guestContent}
		where
		guest_no=#{guestNo}
	</update>

	<delete id="deleteGuest" parameterType="int">
		delete from guest where
		guest_no=#{guest_no}
	</delete>

	<insert id="insertGuest" parameterType="com.itwill.guest.dao.mybatis.Guest">
		<selectKey keyProperty="guestNo" order="BEFORE"
			resultType="int"> select guest_no_seq.nextval
			from dual
		</selectKey>
		insert into guest values(#{guestNo}, #{guestName},sysdate,
		#{guestEmail},#{guestHomepage}, #{guestTitle},#{guestContent})
	</insert>

</mapper>